trial,mode,first_draw_us,construction_us,registration_us,translation_us
0,cold,42316,20480,52,557
0,warm,32291,18257,44,0
1,warm,31561,18438,46,0
1,cold,38551,19032,48,476
2,cold,37871,18365,43,503
2,warm,31542,18249,45,0
3,warm,31829,18652,40,0
3,cold,38983,19246,53,557
4,cold,38951,18634,47,460
4,warm,33465,18787,48,0
5,warm,32588,19341,59,0
5,cold,54228,28481,74,775
6,cold,41971,22487,49,505
6,warm,27395,18590,41,0
7,warm,34428,19832,61,0
7,cold,38150,18454,45,465
8,cold,39159,18500,49,511
8,warm,31464,18380,42,0
9,warm,31457,18242,43,0
9,cold,37905,18369,46,496
10,cold,31115,18940,49,505
10,warm,32877,18822,60,0
11,warm,31412,18302,54,0
11,cold,37879,18143,50,464
12,cold,37628,18164,54,548
12,warm,27410,18727,43,0
13,warm,32083,18632,47,0
13,cold,38039,18495,43,478
14,cold,39042,19551,53,536
14,warm,32757,19266,41,0
15,warm,31488,18419,50,0
15,cold,37820,18185,49,505
16,cold,37656,18195,48,492
16,warm,31483,18449,42,0
17,warm,33270,20124,43,0
17,cold,43090,25147,84,714
18,cold,43543,22514,57,591
18,warm,33297,19605,44,0
19,warm,43246,18800,63,0
19,cold,44032,21369,49,655
20,cold,38242,18645,49,548
20,warm,31964,18678,43,0
21,warm,32638,19294,40,0
21,cold,39079,18236,61,526
22,cold,54145,27849,76,449
22,warm,37688,24104,40,0
23,warm,32764,19090,44,0
23,cold,42016,20262,53,563
24,cold,38193,18434,45,481
24,warm,31927,18720,43,0
25,warm,27963,19764,42,0
25,cold,41460,21163,52,477
26,cold,38560,18995,50,457
26,warm,32719,19450,42,0
27,warm,33409,19813,45,0
27,cold,39474,19309,50,482
28,cold,38961,18927,53,501
28,warm,26897,18958,47,0
29,warm,35391,22074,43,0
29,cold,43799,21504,63,587
30,cold,38513,18641,43,497
30,warm,32465,18389,40,0
31,warm,32468,19025,47,0
31,cold,30220,18174,50,508
32,cold,39664,20289,50,535
32,warm,31736,18640,40,0
33,warm,45564,28509,56,0
33,cold,38582,17962,54,562
34,cold,40759,18922,50,518
34,warm,46598,21993,61,0
35,warm,32587,18759,44,0
35,cold,38161,18439,50,557
36,cold,32564,18591,50,549
36,warm,32400,19328,43,0
37,warm,32744,19546,37,0
37,cold,37695,17864,44,589
38,cold,37736,18223,49,506
38,warm,26855,18518,44,0
39,warm,32027,18551,39,0
39,cold,38630,18518,52,545
