phase,sample,threads,cpu_ms_per_frame,wall_ms_per_frame,frames_per_second
before,1,1,0.668442,0.745865,1340.725000
before,1,2,2.641997,1.683575,593.974000
before,1,4,5.978482,2.079324,480.926000
before,1,8,13.198000,2.851768,350.660000
before,2,1,0.677086,0.752526,1328.858000
before,2,2,2.871924,1.622603,616.294000
before,2,4,5.436120,1.963756,509.228000
before,2,8,13.998412,2.637030,379.215000
before,3,1,0.712580,0.793782,1259.792000
before,3,2,2.838017,1.669912,598.834000
before,3,4,5.983941,2.072384,482.536000
before,3,8,14.223341,2.665048,375.228000
after,1,1,0.849815,1.003181,996.829000
after,1,2,1.180257,0.727938,1373.744000
after,1,4,1.989017,0.841238,1188.725000
after,1,8,2.985184,1.187462,842.132000
after,2,1,0.749523,0.815260,1226.602000
after,2,2,1.501244,1.075462,929.833000
after,2,4,1.652432,0.730338,1369.228000
after,2,8,2.739963,1.182453,845.700000
after,3,1,0.746388,0.815127,1226.803000
after,3,2,1.163158,0.726022,1377.368000
after,3,4,1.910191,0.936545,1067.754000
after,3,8,2.168367,1.902335,525.670000
