mode,trial,variants,first_p50_us,first_p95_us,first_max_us,frame_p50_us,frame_p95_us,frame_max_us
before_skip,0,24,32260,42164,43615,17034,21217,21314
before_skip,1,24,30403,44272,45185,16678,21450,21991
before_skip,2,24,29536,46100,48392,18428,24258,25010
before_skip,3,24,41130,45052,46179,20580,22596,23184
before_skip,4,24,30140,42097,42523,15680,21386,22688
after_skip,0,24,27917,45202,45707,14719,22672,23724
after_skip,1,24,25555,37183,41026,13858,21661,21928
after_skip,2,24,24283,41370,42735,12163,20336,21194
after_skip,3,24,23774,35485,42144,11780,20949,21680
after_skip,4,24,20434,42392,42859,10148,20791,21475
after_wait,0,24,19111,23252,24380,19110,23252,24379
after_wait,1,24,15900,21841,22461,15899,21840,22460
after_wait,2,24,15272,26487,29657,14482,26129,29656
after_wait,3,24,22479,31331,32326,22476,26058,32325
after_wait,4,24,18276,26381,29288,18275,26380,29288
pressure_wait,0,24,13771,39496,46330,13770,22777,24187
pressure_wait,1,24,15682,22461,30852,15405,22137,22460
pressure_wait,2,24,13315,17843,28675,12990,17724,17842
pressure_wait,3,24,12827,16522,20541,12827,16521,20540
pressure_wait,4,24,10590,22513,29775,10389,19735,20145
