kind,revision,sample,variant,frames,draws_per_frame,record_ns_per_command,submit_cpu_ns_per_draw,fps,record_allocations_per_frame,submit_allocations_per_frame,pipeline_ns_per_draw,pipeline_calls_per_frame,pipeline_ns_per_call,descriptor_ns_per_draw,descriptor_calls_per_frame,descriptor_ns_per_call,uniform_ns_per_draw,uniform_calls_per_frame,uniform_ns_per_call,descriptor_updates_per_frame,descriptor_pools_per_frame,state_binds_per_frame,retained_draws_per_frame,push_writes_per_frame,threads,cpu_ms_per_frame,wall_ms_per_frame,frames_per_second,samples,mean_us,variance_us2,stddev_us,submitted,delivered,dropped,peak_pending
draw,1d04491,1,array,3,10000,78.28,936.62,61.014,9,2613,14.19,100,1419.03,2.15,100,215.35,2.21,100,221.34,0,0,100,9900,100,,,,,,,,,,,,
draw,integrated,1,array,3,10000,74.53,490.77,96.786,13,2651,11.34,100,1134.23,2.08,100,208.23,1.79,100,178.65,0,0,100,9900,100,,,,,,,,,,,,
draw,1d04491,1,ordinary,3,10000,75.16,1023.55,54.692,9,2613,13.07,100,1306.62,2.50,100,250.28,1.92,100,191.81,0,0,100,9900,0,,,,,,,,,,,,
draw,integrated,1,ordinary,3,10000,82.85,538.75,91.905,13,2651,14.23,100,1423.41,2.29,100,229.11,2.21,100,221.04,0,0,100,9900,0,,,,,,,,,,,,
record,b894356,1,viewport-clear,,,,,,,,,,,,,,,,,,,,,,1,0.815728,0.976923,1023.622,,,,,,,,
record,b894356,1,viewport-clear,,,,,,,,,,,,,,,,,,,,,,2,2.605366,1.501401,666.044,,,,,,,,
record,b894356,1,viewport-clear,,,,,,,,,,,,,,,,,,,,,,4,5.767623,2.097034,476.864,,,,,,,,
record,b894356,1,viewport-clear,,,,,,,,,,,,,,,,,,,,,,8,14.524204,2.697685,370.688,,,,,,,,
record,543945a,1,viewport-clear,,,,,,,,,,,,,,,,,,,,,,1,0.767494,0.839626,1191.007,,,,,,,,
record,543945a,1,viewport-clear,,,,,,,,,,,,,,,,,,,,,,2,1.244139,0.779990,1282.068,,,,,,,,
record,543945a,1,viewport-clear,,,,,,,,,,,,,,,,,,,,,,4,2.195462,1.087085,919.891,,,,,,,,
record,543945a,1,viewport-clear,,,,,,,,,,,,,,,,,,,,,,8,2.631062,1.481899,674.810,,,,,,,,
record,integrated,1,viewport-clear,,,,,,,,,,,,,,,,,,,,,,1,0.574418,0.629789,1587.833,,,,,,,,
record,integrated,1,viewport-clear,,,,,,,,,,,,,,,,,,,,,,2,1.059022,0.682520,1465.159,,,,,,,,
record,integrated,1,viewport-clear,,,,,,,,,,,,,,,,,,,,,,4,1.537171,0.542938,1841.830,,,,,,,,
record,integrated,1,viewport-clear,,,,,,,,,,,,,,,,,,,,,,8,2.282018,0.714516,1399.549,,,,,,,,
draw,integrated,2,array,3,10000,74.07,507.06,95.440,13,2651,11.31,100,1130.65,1.96,100,196.32,1.85,100,184.97,0,0,100,9900,100,,,,,,,,,,,,
draw,1d04491,2,array,3,10000,77.12,957.78,56.685,9,2613,12.42,100,1241.93,2.41,100,241.03,2.20,100,220.30,0,0,100,9900,100,,,,,,,,,,,,
draw,integrated,2,ordinary,3,10000,80.25,700.87,79.665,13,2651,19.61,100,1960.60,3.19,100,319.15,3.13,100,312.82,0,0,100,9900,0,,,,,,,,,,,,
draw,1d04491,2,ordinary,3,10000,82.04,898.83,63.260,9,2613,11.37,100,1136.52,2.05,100,205.14,2.02,100,202.45,0,0,100,9900,0,,,,,,,,,,,,
record,543945a,2,viewport-clear,,,,,,,,,,,,,,,,,,,,,,1,0.751185,0.799645,1250.556,,,,,,,,
record,543945a,2,viewport-clear,,,,,,,,,,,,,,,,,,,,,,2,1.366852,0.825510,1211.373,,,,,,,,
record,543945a,2,viewport-clear,,,,,,,,,,,,,,,,,,,,,,4,1.940650,0.884300,1130.838,,,,,,,,
record,543945a,2,viewport-clear,,,,,,,,,,,,,,,,,,,,,,8,2.902379,1.266461,789.602,,,,,,,,
record,integrated,2,viewport-clear,,,,,,,,,,,,,,,,,,,,,,1,0.639680,0.750675,1332.135,,,,,,,,
record,integrated,2,viewport-clear,,,,,,,,,,,,,,,,,,,,,,2,1.091490,0.794811,1258.161,,,,,,,,
record,integrated,2,viewport-clear,,,,,,,,,,,,,,,,,,,,,,4,1.508323,0.622034,1607.630,,,,,,,,
record,integrated,2,viewport-clear,,,,,,,,,,,,,,,,,,,,,,8,2.430580,0.516749,1935.175,,,,,,,,
record,b894356,2,viewport-clear,,,,,,,,,,,,,,,,,,,,,,1,0.677393,0.749248,1334.672,,,,,,,,
record,b894356,2,viewport-clear,,,,,,,,,,,,,,,,,,,,,,2,2.380530,1.460540,684.678,,,,,,,,
record,b894356,2,viewport-clear,,,,,,,,,,,,,,,,,,,,,,4,5.338923,1.905172,524.887,,,,,,,,
record,b894356,2,viewport-clear,,,,,,,,,,,,,,,,,,,,,,8,13.448561,2.459255,406.627,,,,,,,,
draw,1d04491,3,array,3,10000,75.20,1003.08,58.253,9,2613,12.81,100,1280.55,2.58,100,257.54,1.96,100,196.08,0,0,100,9900,100,,,,,,,,,,,,
draw,integrated,3,array,3,10000,122.94,441.23,98.331,13,2651,10.17,100,1017.42,1.69,100,169.05,1.46,100,146.46,0,0,100,9900,100,,,,,,,,,,,,
draw,1d04491,3,ordinary,3,10000,97.09,1416.41,39.631,9,2613,22.45,100,2245.48,4.66,100,465.57,3.53,100,353.18,0,0,100,9900,0,,,,,,,,,,,,
draw,integrated,3,ordinary,3,10000,82.08,457.97,100.286,13,2651,10.82,100,1081.56,1.93,100,193.39,1.51,100,151.10,0,0,100,9900,0,,,,,,,,,,,,
record,integrated,3,viewport-clear,,,,,,,,,,,,,,,,,,,,,,1,0.564535,0.627246,1594.271,,,,,,,,
record,integrated,3,viewport-clear,,,,,,,,,,,,,,,,,,,,,,2,1.095498,0.773862,1292.220,,,,,,,,
record,integrated,3,viewport-clear,,,,,,,,,,,,,,,,,,,,,,4,1.705800,0.787729,1269.473,,,,,,,,
record,integrated,3,viewport-clear,,,,,,,,,,,,,,,,,,,,,,8,2.130441,0.773153,1293.405,,,,,,,,
record,b894356,3,viewport-clear,,,,,,,,,,,,,,,,,,,,,,1,0.772448,0.885830,1128.885,,,,,,,,
record,b894356,3,viewport-clear,,,,,,,,,,,,,,,,,,,,,,2,2.721327,1.544687,647.380,,,,,,,,
record,b894356,3,viewport-clear,,,,,,,,,,,,,,,,,,,,,,4,5.146907,2.035622,491.250,,,,,,,,
record,b894356,3,viewport-clear,,,,,,,,,,,,,,,,,,,,,,8,13.381439,2.432497,411.100,,,,,,,,
record,543945a,3,viewport-clear,,,,,,,,,,,,,,,,,,,,,,1,0.796149,0.880766,1135.375,,,,,,,,
record,543945a,3,viewport-clear,,,,,,,,,,,,,,,,,,,,,,2,1.759628,1.160499,861.699,,,,,,,,
record,543945a,3,viewport-clear,,,,,,,,,,,,,,,,,,,,,,4,2.223533,1.171211,853.817,,,,,,,,
record,543945a,3,viewport-clear,,,,,,,,,,,,,,,,,,,,,,8,2.711777,1.341672,745.338,,,,,,,,
draw,integrated,4,array,3,10000,72.95,445.86,101.078,13,2651,10.67,100,1066.88,1.61,100,161.08,1.80,100,179.86,0,0,100,9900,100,,,,,,,,,,,,
draw,1d04491,4,array,3,10000,109.54,1231.31,45.983,9,2613,19.79,100,1978.60,3.40,100,340.02,2.72,100,272.02,0,0,100,9900,100,,,,,,,,,,,,
draw,integrated,4,ordinary,3,10000,116.50,469.47,94.741,13,2651,11.10,100,1110.36,1.89,100,188.91,1.82,100,181.59,0,0,100,9900,0,,,,,,,,,,,,
draw,1d04491,4,ordinary,3,10000,96.20,1111.04,51.889,9,2613,16.35,100,1635.27,3.05,100,304.61,2.73,100,272.97,0,0,100,9900,0,,,,,,,,,,,,
record,b894356,4,viewport-clear,,,,,,,,,,,,,,,,,,,,,,1,0.659611,0.712947,1402.629,,,,,,,,
record,b894356,4,viewport-clear,,,,,,,,,,,,,,,,,,,,,,2,2.511518,1.605323,622.927,,,,,,,,
record,b894356,4,viewport-clear,,,,,,,,,,,,,,,,,,,,,,4,6.262968,2.159791,463.008,,,,,,,,
record,b894356,4,viewport-clear,,,,,,,,,,,,,,,,,,,,,,8,12.669125,2.813899,355.379,,,,,,,,
record,543945a,4,viewport-clear,,,,,,,,,,,,,,,,,,,,,,1,0.918268,1.146612,872.135,,,,,,,,
record,543945a,4,viewport-clear,,,,,,,,,,,,,,,,,,,,,,2,1.568070,1.042010,959.684,,,,,,,,
record,543945a,4,viewport-clear,,,,,,,,,,,,,,,,,,,,,,4,2.565621,1.014091,986.105,,,,,,,,
record,543945a,4,viewport-clear,,,,,,,,,,,,,,,,,,,,,,8,2.779259,1.270852,786.873,,,,,,,,
record,integrated,4,viewport-clear,,,,,,,,,,,,,,,,,,,,,,1,0.651040,0.842748,1186.595,,,,,,,,
record,integrated,4,viewport-clear,,,,,,,,,,,,,,,,,,,,,,2,0.946240,0.581394,1720.004,,,,,,,,
record,integrated,4,viewport-clear,,,,,,,,,,,,,,,,,,,,,,4,1.628241,0.580830,1721.675,,,,,,,,
record,integrated,4,viewport-clear,,,,,,,,,,,,,,,,,,,,,,8,2.357734,0.521899,1916.079,,,,,,,,
draw,1d04491,5,array,3,10000,75.56,943.27,59.514,9,2613,12.52,100,1252.27,2.16,100,216.02,2.18,100,217.55,0,0,100,9900,100,,,,,,,,,,,,
draw,integrated,5,array,3,10000,75.56,634.58,76.353,13,2651,15.69,100,1569.16,2.79,100,278.94,2.70,100,269.70,0,0,100,9900,100,,,,,,,,,,,,
draw,1d04491,5,ordinary,3,10000,115.51,1150.84,49.685,9,2613,17.32,100,1732.20,3.19,100,319.38,2.61,100,260.68,0,0,100,9900,0,,,,,,,,,,,,
draw,integrated,5,ordinary,3,10000,75.63,444.92,102.866,13,2651,10.36,100,1035.72,1.67,100,167.05,1.75,100,174.80,0,0,100,9900,0,,,,,,,,,,,,
record,543945a,5,viewport-clear,,,,,,,,,,,,,,,,,,,,,,1,0.717740,0.801211,1248.111,,,,,,,,
record,543945a,5,viewport-clear,,,,,,,,,,,,,,,,,,,,,,2,1.925331,1.272443,785.890,,,,,,,,
record,543945a,5,viewport-clear,,,,,,,,,,,,,,,,,,,,,,4,2.151751,0.889831,1123.809,,,,,,,,
record,543945a,5,viewport-clear,,,,,,,,,,,,,,,,,,,,,,8,2.851254,1.076833,928.649,,,,,,,,
record,integrated,5,viewport-clear,,,,,,,,,,,,,,,,,,,,,,1,0.555595,0.613582,1629.774,,,,,,,,
record,integrated,5,viewport-clear,,,,,,,,,,,,,,,,,,,,,,2,0.888743,0.540596,1849.811,,,,,,,,
record,integrated,5,viewport-clear,,,,,,,,,,,,,,,,,,,,,,4,1.620505,0.627308,1594.113,,,,,,,,
record,integrated,5,viewport-clear,,,,,,,,,,,,,,,,,,,,,,8,2.301041,0.587358,1702.540,,,,,,,,
record,b894356,5,viewport-clear,,,,,,,,,,,,,,,,,,,,,,1,0.705329,0.785272,1273.444,,,,,,,,
record,b894356,5,viewport-clear,,,,,,,,,,,,,,,,,,,,,,2,3.021232,1.690287,591.616,,,,,,,,
record,b894356,5,viewport-clear,,,,,,,,,,,,,,,,,,,,,,4,5.721987,1.898474,526.739,,,,,,,,
record,b894356,5,viewport-clear,,,,,,,,,,,,,,,,,,,,,,8,11.113303,2.666717,374.993,,,,,,,,
draw,integrated,6,array,3,10000,77.87,441.20,102.880,13,2651,10.11,100,1011.46,1.70,100,169.77,1.57,100,157.05,0,0,100,9900,100,,,,,,,,,,,,
draw,1d04491,6,array,3,10000,96.51,1343.06,41.176,9,2613,17.09,100,1708.94,3.10,100,309.71,2.66,100,266.45,0,0,100,9900,100,,,,,,,,,,,,
draw,integrated,6,ordinary,3,10000,74.89,462.07,100.668,13,2651,10.79,100,1079.12,2.96,100,296.15,1.66,100,165.95,0,0,100,9900,0,,,,,,,,,,,,
draw,1d04491,6,ordinary,3,10000,93.34,935.31,57.890,9,2613,12.10,100,1209.97,1.97,100,196.63,1.84,100,184.50,0,0,100,9900,0,,,,,,,,,,,,
record,integrated,6,viewport-clear,,,,,,,,,,,,,,,,,,,,,,1,0.538673,0.588041,1700.562,,,,,,,,
record,integrated,6,viewport-clear,,,,,,,,,,,,,,,,,,,,,,2,0.881268,0.532360,1878.428,,,,,,,,
record,integrated,6,viewport-clear,,,,,,,,,,,,,,,,,,,,,,4,1.709238,0.786555,1271.367,,,,,,,,
record,integrated,6,viewport-clear,,,,,,,,,,,,,,,,,,,,,,8,2.247379,0.557781,1792.817,,,,,,,,
record,b894356,6,viewport-clear,,,,,,,,,,,,,,,,,,,,,,1,0.632935,0.689582,1450.155,,,,,,,,
record,b894356,6,viewport-clear,,,,,,,,,,,,,,,,,,,,,,2,2.850019,1.638341,610.373,,,,,,,,
record,b894356,6,viewport-clear,,,,,,,,,,,,,,,,,,,,,,4,5.154428,1.869055,535.030,,,,,,,,
record,b894356,6,viewport-clear,,,,,,,,,,,,,,,,,,,,,,8,12.466110,2.708357,369.227,,,,,,,,
record,543945a,6,viewport-clear,,,,,,,,,,,,,,,,,,,,,,1,0.753809,0.826957,1209.252,,,,,,,,
record,543945a,6,viewport-clear,,,,,,,,,,,,,,,,,,,,,,2,1.115689,0.690806,1447.584,,,,,,,,
record,543945a,6,viewport-clear,,,,,,,,,,,,,,,,,,,,,,4,1.826508,0.877209,1139.980,,,,,,,,
record,543945a,6,viewport-clear,,,,,,,,,,,,,,,,,,,,,,8,2.969223,1.203493,830.915,,,,,,,,
draw,1d04491,7,array,3,10000,73.24,929.40,58.117,9,2613,12.33,100,1233.43,2.41,100,240.66,2.00,100,200.42,0,0,100,9900,100,,,,,,,,,,,,
draw,integrated,7,array,3,10000,72.41,421.20,106.080,13,2651,10.00,100,999.98,1.79,100,178.55,1.57,100,157.27,0,0,100,9900,100,,,,,,,,,,,,
draw,1d04491,7,ordinary,3,10000,102.81,1150.03,51.129,9,2613,17.30,100,1730.42,3.37,100,337.01,2.99,100,298.90,0,0,100,9900,0,,,,,,,,,,,,
draw,integrated,7,ordinary,3,10000,75.53,497.32,100.081,13,2651,11.66,100,1165.87,2.00,100,199.70,1.84,100,184.10,0,0,100,9900,0,,,,,,,,,,,,
record,b894356,7,viewport-clear,,,,,,,,,,,,,,,,,,,,,,1,0.641688,0.700807,1426.926,,,,,,,,
record,b894356,7,viewport-clear,,,,,,,,,,,,,,,,,,,,,,2,2.970947,1.662623,601.459,,,,,,,,
record,b894356,7,viewport-clear,,,,,,,,,,,,,,,,,,,,,,4,5.970178,2.106741,474.667,,,,,,,,
record,b894356,7,viewport-clear,,,,,,,,,,,,,,,,,,,,,,8,14.904438,2.648933,377.511,,,,,,,,
record,543945a,7,viewport-clear,,,,,,,,,,,,,,,,,,,,,,1,0.805468,0.981642,1018.701,,,,,,,,
record,543945a,7,viewport-clear,,,,,,,,,,,,,,,,,,,,,,2,1.212423,0.757789,1319.628,,,,,,,,
record,543945a,7,viewport-clear,,,,,,,,,,,,,,,,,,,,,,4,2.094855,0.928787,1076.673,,,,,,,,
record,543945a,7,viewport-clear,,,,,,,,,,,,,,,,,,,,,,8,2.564438,1.041756,959.917,,,,,,,,
record,integrated,7,viewport-clear,,,,,,,,,,,,,,,,,,,,,,1,0.540389,0.597748,1672.946,,,,,,,,
record,integrated,7,viewport-clear,,,,,,,,,,,,,,,,,,,,,,2,1.394121,0.866890,1153.549,,,,,,,,
record,integrated,7,viewport-clear,,,,,,,,,,,,,,,,,,,,,,4,1.704062,0.686103,1457.506,,,,,,,,
record,integrated,7,viewport-clear,,,,,,,,,,,,,,,,,,,,,,8,2.343158,0.571726,1749.090,,,,,,,,
draw,integrated,8,array,3,10000,73.84,421.61,113.992,13,2651,10.30,100,1030.39,1.65,100,164.65,1.71,100,171.05,0,0,100,9900,100,,,,,,,,,,,,
draw,1d04491,8,array,3,10000,75.27,919.62,59.281,9,2613,11.34,100,1133.88,1.94,100,194.02,1.89,100,188.50,0,0,100,9900,100,,,,,,,,,,,,
draw,integrated,8,ordinary,3,10000,78.31,569.22,85.064,13,2651,14.38,100,1438.33,2.53,100,252.97,2.03,100,202.94,0,0,100,9900,0,,,,,,,,,,,,
draw,1d04491,8,ordinary,3,10000,94.79,1034.33,53.703,9,2613,15.05,100,1505.21,2.31,100,230.60,2.17,100,217.15,0,0,100,9900,0,,,,,,,,,,,,
record,543945a,8,viewport-clear,,,,,,,,,,,,,,,,,,,,,,1,0.712403,0.764219,1308.526,,,,,,,,
record,543945a,8,viewport-clear,,,,,,,,,,,,,,,,,,,,,,2,1.587084,0.952434,1049.941,,,,,,,,
record,543945a,8,viewport-clear,,,,,,,,,,,,,,,,,,,,,,4,2.227931,0.927232,1078.479,,,,,,,,
record,543945a,8,viewport-clear,,,,,,,,,,,,,,,,,,,,,,8,2.611439,1.308971,763.959,,,,,,,,
record,integrated,8,viewport-clear,,,,,,,,,,,,,,,,,,,,,,1,0.649540,0.847356,1180.142,,,,,,,,
record,integrated,8,viewport-clear,,,,,,,,,,,,,,,,,,,,,,2,1.056801,0.829213,1205.963,,,,,,,,
record,integrated,8,viewport-clear,,,,,,,,,,,,,,,,,,,,,,4,1.653509,0.630976,1584.847,,,,,,,,
record,integrated,8,viewport-clear,,,,,,,,,,,,,,,,,,,,,,8,2.366048,0.547217,1827.429,,,,,,,,
record,b894356,8,viewport-clear,,,,,,,,,,,,,,,,,,,,,,1,0.747962,0.832102,1201.775,,,,,,,,
record,b894356,8,viewport-clear,,,,,,,,,,,,,,,,,,,,,,2,2.779842,1.657593,603.285,,,,,,,,
record,b894356,8,viewport-clear,,,,,,,,,,,,,,,,,,,,,,4,5.434946,1.808412,552.971,,,,,,,,
record,b894356,8,viewport-clear,,,,,,,,,,,,,,,,,,,,,,8,12.979574,2.624507,381.024,,,,,,,,
draw,1d04491,9,array,3,10000,89.85,963.27,56.945,9,2613,13.60,100,1359.89,2.43,100,243.27,2.42,100,241.78,0,0,100,9900,100,,,,,,,,,,,,
draw,integrated,9,array,3,10000,73.45,456.52,102.110,13,2651,10.74,100,1073.59,2.00,100,200.09,1.66,100,165.67,0,0,100,9900,100,,,,,,,,,,,,
draw,1d04491,9,ordinary,3,10000,76.89,1254.24,38.255,9,2613,17.08,100,1708.05,3.53,100,352.80,2.91,100,291.20,0,0,100,9900,0,,,,,,,,,,,,
draw,integrated,9,ordinary,3,10000,84.07,543.54,71.535,13,2651,14.03,100,1403.37,2.45,100,245.17,2.08,100,207.55,0,0,100,9900,0,,,,,,,,,,,,
record,integrated,9,viewport-clear,,,,,,,,,,,,,,,,,,,,,,1,0.604418,0.679063,1472.616,,,,,,,,
record,integrated,9,viewport-clear,,,,,,,,,,,,,,,,,,,,,,2,0.921461,0.559008,1788.884,,,,,,,,
record,integrated,9,viewport-clear,,,,,,,,,,,,,,,,,,,,,,4,1.655491,0.581171,1720.663,,,,,,,,
record,integrated,9,viewport-clear,,,,,,,,,,,,,,,,,,,,,,8,2.331663,0.472339,2117.122,,,,,,,,
record,b894356,9,viewport-clear,,,,,,,,,,,,,,,,,,,,,,1,0.678345,0.814816,1227.271,,,,,,,,
record,b894356,9,viewport-clear,,,,,,,,,,,,,,,,,,,,,,2,2.962307,1.721026,581.049,,,,,,,,
record,b894356,9,viewport-clear,,,,,,,,,,,,,,,,,,,,,,4,5.952541,1.965950,508.660,,,,,,,,
record,b894356,9,viewport-clear,,,,,,,,,,,,,,,,,,,,,,8,12.621824,2.568278,389.366,,,,,,,,
record,543945a,9,viewport-clear,,,,,,,,,,,,,,,,,,,,,,1,0.722691,0.777224,1286.630,,,,,,,,
record,543945a,9,viewport-clear,,,,,,,,,,,,,,,,,,,,,,2,1.083750,0.667582,1497.943,,,,,,,,
record,543945a,9,viewport-clear,,,,,,,,,,,,,,,,,,,,,,4,2.139390,0.941654,1061.962,,,,,,,,
record,543945a,9,viewport-clear,,,,,,,,,,,,,,,,,,,,,,8,2.702906,1.063842,939.989,,,,,,,,
draw,integrated,10,array,3,10000,73.70,492.43,97.592,13,2651,12.55,100,1254.58,2.21,100,220.62,1.92,100,191.68,0,0,100,9900,100,,,,,,,,,,,,
draw,1d04491,10,array,3,10000,76.40,911.95,65.506,9,2613,12.51,100,1250.79,2.24,100,224.47,1.95,100,195.05,0,0,100,9900,100,,,,,,,,,,,,
draw,integrated,10,ordinary,3,10000,71.85,456.26,102.929,13,2651,10.83,100,1083.18,1.88,100,187.88,1.69,100,168.81,0,0,100,9900,0,,,,,,,,,,,,
draw,1d04491,10,ordinary,3,10000,92.30,1153.92,52.829,9,2613,19.01,100,1900.99,3.00,100,299.59,2.90,100,289.80,0,0,100,9900,0,,,,,,,,,,,,
record,b894356,10,viewport-clear,,,,,,,,,,,,,,,,,,,,,,1,0.677871,0.737153,1356.571,,,,,,,,
record,b894356,10,viewport-clear,,,,,,,,,,,,,,,,,,,,,,2,2.843678,1.583014,631.706,,,,,,,,
record,b894356,10,viewport-clear,,,,,,,,,,,,,,,,,,,,,,4,5.865294,1.960462,510.084,,,,,,,,
record,b894356,10,viewport-clear,,,,,,,,,,,,,,,,,,,,,,8,13.385759,2.847453,351.191,,,,,,,,
record,543945a,10,viewport-clear,,,,,,,,,,,,,,,,,,,,,,1,0.715792,0.783742,1275.931,,,,,,,,
record,543945a,10,viewport-clear,,,,,,,,,,,,,,,,,,,,,,2,1.024891,0.626746,1595.542,,,,,,,,
record,543945a,10,viewport-clear,,,,,,,,,,,,,,,,,,,,,,4,2.221045,1.022922,977.591,,,,,,,,
record,543945a,10,viewport-clear,,,,,,,,,,,,,,,,,,,,,,8,2.622436,1.182927,845.361,,,,,,,,
record,integrated,10,viewport-clear,,,,,,,,,,,,,,,,,,,,,,1,0.543309,0.596685,1675.927,,,,,,,,
record,integrated,10,viewport-clear,,,,,,,,,,,,,,,,,,,,,,2,0.920352,0.570396,1753.167,,,,,,,,
record,integrated,10,viewport-clear,,,,,,,,,,,,,,,,,,,,,,4,1.389136,0.485288,2060.631,,,,,,,,
record,integrated,10,viewport-clear,,,,,,,,,,,,,,,,,,,,,,8,2.233767,0.449277,2225.800,,,,,,,,
draw,1d04491,11,array,3,10000,76.14,1037.99,55.517,9,2613,15.31,100,1530.71,3.08,100,307.86,2.38,100,238.23,0,0,100,9900,100,,,,,,,,,,,,
draw,integrated,11,array,3,10000,73.63,431.78,112.297,13,2651,10.50,100,1050.32,1.67,100,166.57,1.68,100,167.98,0,0,100,9900,100,,,,,,,,,,,,
draw,1d04491,11,ordinary,3,10000,92.82,1061.21,53.597,9,2613,15.53,100,1552.89,2.98,100,297.95,2.27,100,226.61,0,0,100,9900,0,,,,,,,,,,,,
draw,integrated,11,ordinary,3,10000,74.66,429.01,105.507,13,2651,10.15,100,1015.48,1.77,100,176.95,1.67,100,167.12,0,0,100,9900,0,,,,,,,,,,,,
record,543945a,11,viewport-clear,,,,,,,,,,,,,,,,,,,,,,1,0.825057,1.053059,949.615,,,,,,,,
record,543945a,11,viewport-clear,,,,,,,,,,,,,,,,,,,,,,2,1.127709,0.785572,1272.957,,,,,,,,
record,543945a,11,viewport-clear,,,,,,,,,,,,,,,,,,,,,,4,2.160710,0.993031,1007.018,,,,,,,,
record,543945a,11,viewport-clear,,,,,,,,,,,,,,,,,,,,,,8,2.988761,1.096172,912.265,,,,,,,,
record,integrated,11,viewport-clear,,,,,,,,,,,,,,,,,,,,,,1,0.522734,0.589369,1696.729,,,,,,,,
record,integrated,11,viewport-clear,,,,,,,,,,,,,,,,,,,,,,2,1.373416,0.902493,1108.042,,,,,,,,
record,integrated,11,viewport-clear,,,,,,,,,,,,,,,,,,,,,,4,1.685480,0.739449,1352.358,,,,,,,,
record,integrated,11,viewport-clear,,,,,,,,,,,,,,,,,,,,,,8,2.300396,0.683222,1463.652,,,,,,,,
record,b894356,11,viewport-clear,,,,,,,,,,,,,,,,,,,,,,1,0.723062,0.833913,1199.166,,,,,,,,
record,b894356,11,viewport-clear,,,,,,,,,,,,,,,,,,,,,,2,2.215795,1.253623,797.688,,,,,,,,
record,b894356,11,viewport-clear,,,,,,,,,,,,,,,,,,,,,,4,5.314703,1.825811,547.702,,,,,,,,
record,b894356,11,viewport-clear,,,,,,,,,,,,,,,,,,,,,,8,12.234929,2.684782,372.470,,,,,,,,
draw,integrated,12,array,3,10000,73.58,428.44,112.382,13,2651,10.06,100,1005.89,1.60,100,159.95,1.57,100,156.96,0,0,100,9900,100,,,,,,,,,,,,
draw,1d04491,12,array,3,10000,77.08,892.83,59.253,9,2613,11.20,100,1120.24,2.11,100,210.87,1.92,100,192.12,0,0,100,9900,100,,,,,,,,,,,,
draw,integrated,12,ordinary,3,10000,72.51,456.36,108.857,13,2651,11.66,100,1165.55,2.00,100,199.64,1.53,100,152.73,0,0,100,9900,0,,,,,,,,,,,,
draw,1d04491,12,ordinary,3,10000,75.21,902.08,58.838,9,2613,11.77,100,1177.24,2.06,100,206.33,1.94,100,193.88,0,0,100,9900,0,,,,,,,,,,,,
record,integrated,12,viewport-clear,,,,,,,,,,,,,,,,,,,,,,1,0.541997,0.591807,1689.739,,,,,,,,
record,integrated,12,viewport-clear,,,,,,,,,,,,,,,,,,,,,,2,0.884301,0.528944,1890.561,,,,,,,,
record,integrated,12,viewport-clear,,,,,,,,,,,,,,,,,,,,,,4,1.594369,0.579413,1725.885,,,,,,,,
record,integrated,12,viewport-clear,,,,,,,,,,,,,,,,,,,,,,8,2.410301,0.487873,2049.713,,,,,,,,
record,b894356,12,viewport-clear,,,,,,,,,,,,,,,,,,,,,,1,0.754365,0.912975,1095.320,,,,,,,,
record,b894356,12,viewport-clear,,,,,,,,,,,,,,,,,,,,,,2,2.807587,1.768331,565.505,,,,,,,,
record,b894356,12,viewport-clear,,,,,,,,,,,,,,,,,,,,,,4,5.703828,1.980141,505.015,,,,,,,,
record,b894356,12,viewport-clear,,,,,,,,,,,,,,,,,,,,,,8,12.805965,2.626743,380.700,,,,,,,,
record,543945a,12,viewport-clear,,,,,,,,,,,,,,,,,,,,,,1,0.711779,0.781594,1279.437,,,,,,,,
record,543945a,12,viewport-clear,,,,,,,,,,,,,,,,,,,,,,2,1.100745,0.679738,1471.154,,,,,,,,
record,543945a,12,viewport-clear,,,,,,,,,,,,,,,,,,,,,,4,2.474928,0.949130,1053.596,,,,,,,,
record,543945a,12,viewport-clear,,,,,,,,,,,,,,,,,,,,,,8,2.771886,1.227709,814.526,,,,,,,,
draw,1d04491,1,double,3,20000,74.39,515.90,53.861,9,2613,5.79,100,1158.42,1.01,100,202.35,0.96,100,191.92,0,0,100,19900,100,,,,,,,,,,,,
draw,integrated,1,double,3,20000,70.76,312.04,77.539,13,2651,6.86,100,1371.44,1.13,100,225.55,1.08,100,216.44,0,0,100,19900,100,,,,,,,,,,,,
draw,1d04491,1,indexed,3,10000,81.23,1589.89,35.776,9,2613,17.01,100,1700.60,3.31,100,330.54,3.31,100,331.03,0,0,100,9900,100,,,,,,,,,,,,
draw,integrated,1,indexed,3,10000,120.47,828.26,49.820,13,2721,18.60,100,1860.23,3.24,100,324.23,3.25,100,324.95,0,0,100,9900,100,,,,,,,,,,,,
draw,integrated,2,double,3,20000,69.86,274.01,83.339,13,2651,5.10,100,1020.28,0.79,100,158.21,0.79,100,158.84,0,0,100,19900,100,,,,,,,,,,,,
draw,1d04491,2,double,3,20000,71.93,538.31,50.305,9,2613,6.13,100,1225.90,1.16,100,232.03,0.97,100,194.37,0,0,100,19900,100,,,,,,,,,,,,
draw,integrated,2,indexed,3,10000,78.24,671.00,72.990,13,2721,12.13,100,1212.71,2.70,100,270.32,2.27,100,227.31,0,0,100,9900,100,,,,,,,,,,,,
draw,1d04491,2,indexed,3,10000,80.99,1363.50,40.025,9,2613,12.94,100,1293.77,2.37,100,237.26,2.75,100,275.41,0,0,100,9900,100,,,,,,,,,,,,
draw,1d04491,3,double,3,20000,73.59,526.98,50.928,9,2613,5.77,100,1154.24,1.09,100,218.92,0.94,100,188.53,0,0,100,19900,100,,,,,,,,,,,,
draw,integrated,3,double,3,20000,80.85,286.45,81.295,13,2651,5.31,100,1061.99,0.97,100,193.36,0.80,100,160.19,0,0,100,19900,100,,,,,,,,,,,,
draw,1d04491,3,indexed,3,10000,77.79,1327.01,40.732,9,2613,12.78,100,1278.27,2.38,100,237.67,2.53,100,253.44,0,0,100,9900,100,,,,,,,,,,,,
draw,integrated,3,indexed,3,10000,78.07,603.11,74.289,13,2721,11.27,100,1126.81,2.14,100,213.53,1.93,100,192.64,0,0,100,9900,100,,,,,,,,,,,,
draw,integrated,4,double,3,20000,73.55,359.74,68.137,13,2651,7.51,100,1502.40,1.30,100,260.40,1.25,100,249.26,0,0,100,19900,100,,,,,,,,,,,,
draw,1d04491,4,double,3,20000,91.71,683.19,45.387,9,2613,9.59,100,1917.00,1.58,100,316.54,1.51,100,301.50,0,0,100,19900,100,,,,,,,,,,,,
draw,integrated,4,indexed,3,10000,78.05,651.88,71.826,13,2721,12.30,100,1229.66,2.25,100,224.91,1.81,100,180.99,0,0,100,9900,100,,,,,,,,,,,,
draw,1d04491,4,indexed,3,10000,114.65,1818.54,33.330,9,2613,23.75,100,2375.32,3.87,100,386.80,3.56,100,355.83,0,0,100,9900,100,,,,,,,,,,,,
draw,1d04491,5,double,3,20000,72.74,515.76,51.193,9,2613,6.00,100,1199.79,1.00,100,200.28,0.99,100,197.26,0,0,100,19900,100,,,,,,,,,,,,
draw,integrated,5,double,3,20000,72.93,311.96,77.698,13,2651,5.82,100,1163.34,1.13,100,226.42,1.02,100,204.63,0,0,100,19900,100,,,,,,,,,,,,
draw,1d04491,5,indexed,3,10000,108.52,1949.26,29.765,9,2613,26.44,100,2644.18,4.61,100,461.19,4.34,100,434.38,0,0,100,9900,100,,,,,,,,,,,,
draw,integrated,5,indexed,3,10000,79.12,672.05,69.235,13,2721,11.95,100,1194.78,2.15,100,215.50,1.89,100,188.85,0,0,100,9900,100,,,,,,,,,,,,
draw,integrated,6,double,3,20000,69.01,273.19,83.303,13,2651,5.08,100,1016.22,0.89,100,178.23,0.75,100,149.12,0,0,100,19900,100,,,,,,,,,,,,
draw,1d04491,6,double,3,20000,87.85,601.07,45.177,9,2613,9.21,100,1841.41,1.43,100,285.24,1.31,100,262.50,0,0,100,19900,100,,,,,,,,,,,,
draw,integrated,6,indexed,3,10000,78.29,720.21,68.939,13,2721,14.34,100,1434.17,2.73,100,272.51,2.73,100,272.61,0,0,100,9900,100,,,,,,,,,,,,
draw,1d04491,6,indexed,3,10000,81.57,1300.77,41.409,9,2613,12.37,100,1236.52,2.47,100,246.58,2.75,100,275.48,0,0,100,9900,100,,,,,,,,,,,,
present,cbc663d,1,serial,,,,,,,,,,,,,,,,,,,,,,,,,,512,185.886,86617.588,294.309,544,544,0,1
present,integrated,1,serial,,,,,,,,,,,,,,,,,,,,,,,,,,512,59.336,238.908,15.457,544,544,0,1
present,cbc663d,1,fifo,,,,,,,,,,,,,,,,,,,,,,,,,,512,2951.623,2203077.008,1484.277,544,544,0,2
present,integrated,1,fifo,,,,,,,,,,,,,,,,,,,,,,,,,,512,443.763,1215.985,34.871,544,544,0,2
present,cbc663d,1,mailbox,,,,,,,,,,,,,,,,,,,,,,,,,,64,134.742,2353.553,48.513,544,68,476,1
present,integrated,1,mailbox,,,,,,,,,,,,,,,,,,,,,,,,,,64,53.349,70.011,8.367,544,68,476,1
present,integrated,2,serial,,,,,,,,,,,,,,,,,,,,,,,,,,512,60.253,3805.724,61.691,544,544,0,1
present,cbc663d,2,serial,,,,,,,,,,,,,,,,,,,,,,,,,,512,128.335,1222.065,34.958,544,544,0,1
present,integrated,2,fifo,,,,,,,,,,,,,,,,,,,,,,,,,,512,612.417,363828.414,603.182,544,544,0,2
present,cbc663d,2,fifo,,,,,,,,,,,,,,,,,,,,,,,,,,512,2448.029,596951.292,772.626,544,544,0,2
present,integrated,2,mailbox,,,,,,,,,,,,,,,,,,,,,,,,,,64,54.576,159.415,12.626,544,68,476,1
present,cbc663d,2,mailbox,,,,,,,,,,,,,,,,,,,,,,,,,,64,223.693,139609.554,373.644,544,68,476,1
present,cbc663d,3,serial,,,,,,,,,,,,,,,,,,,,,,,,,,512,141.969,4578.355,67.664,544,544,0,1
present,integrated,3,serial,,,,,,,,,,,,,,,,,,,,,,,,,,512,54.330,257.483,16.046,544,544,0,1
present,cbc663d,3,fifo,,,,,,,,,,,,,,,,,,,,,,,,,,512,2521.325,916092.323,957.127,544,544,0,2
present,integrated,3,fifo,,,,,,,,,,,,,,,,,,,,,,,,,,512,422.380,1664.610,40.800,544,544,0,2
present,cbc663d,3,mailbox,,,,,,,,,,,,,,,,,,,,,,,,,,64,203.338,216578.481,465.380,544,68,476,1
present,integrated,3,mailbox,,,,,,,,,,,,,,,,,,,,,,,,,,64,58.039,210.286,14.501,544,68,476,1
present,integrated,4,serial,,,,,,,,,,,,,,,,,,,,,,,,,,512,55.183,140.305,11.845,544,544,0,1
present,cbc663d,4,serial,,,,,,,,,,,,,,,,,,,,,,,,,,512,139.927,4906.554,70.047,544,544,0,1
present,integrated,4,fifo,,,,,,,,,,,,,,,,,,,,,,,,,,512,416.616,1866.008,43.197,544,544,0,2
present,cbc663d,4,fifo,,,,,,,,,,,,,,,,,,,,,,,,,,512,2154.823,93861.601,306.368,544,544,0,2
present,integrated,4,mailbox,,,,,,,,,,,,,,,,,,,,,,,,,,64,58.562,216.301,14.707,544,68,476,1
present,cbc663d,4,mailbox,,,,,,,,,,,,,,,,,,,,,,,,,,64,144.320,3160.123,56.215,544,68,476,1
present,cbc663d,5,serial,,,,,,,,,,,,,,,,,,,,,,,,,,512,171.312,71885.914,268.115,544,544,0,1
present,integrated,5,serial,,,,,,,,,,,,,,,,,,,,,,,,,,512,54.989,118.858,10.902,544,544,0,1
present,cbc663d,5,fifo,,,,,,,,,,,,,,,,,,,,,,,,,,512,2604.870,826533.936,909.139,544,544,0,2
present,integrated,5,fifo,,,,,,,,,,,,,,,,,,,,,,,,,,512,414.233,1284.997,35.847,544,544,0,2
present,cbc663d,5,mailbox,,,,,,,,,,,,,,,,,,,,,,,,,,64,132.082,2453.607,49.534,544,68,476,1
present,integrated,5,mailbox,,,,,,,,,,,,,,,,,,,,,,,,,,64,54.396,62.469,7.904,544,68,476,1
present,integrated,6,serial,,,,,,,,,,,,,,,,,,,,,,,,,,512,58.319,108.289,10.406,544,544,0,1
present,cbc663d,6,serial,,,,,,,,,,,,,,,,,,,,,,,,,,512,154.427,36680.692,191.522,544,544,0,1
present,integrated,6,fifo,,,,,,,,,,,,,,,,,,,,,,,,,,512,563.105,131004.502,361.945,544,544,0,2
present,cbc663d,6,fifo,,,,,,,,,,,,,,,,,,,,,,,,,,512,2371.680,663059.792,814.285,544,544,0,2
present,integrated,6,mailbox,,,,,,,,,,,,,,,,,,,,,,,,,,64,54.480,59.789,7.732,544,68,476,1
present,cbc663d,6,mailbox,,,,,,,,,,,,,,,,,,,,,,,,,,64,154.156,14568.370,120.700,544,68,476,1
present,cbc663d,7,serial,,,,,,,,,,,,,,,,,,,,,,,,,,512,131.267,1014.366,31.849,544,544,0,1
present,integrated,7,serial,,,,,,,,,,,,,,,,,,,,,,,,,,512,63.279,3041.268,55.148,544,544,0,1
present,cbc663d,7,fifo,,,,,,,,,,,,,,,,,,,,,,,,,,512,2591.353,1211019.847,1100.463,544,544,0,2
present,integrated,7,fifo,,,,,,,,,,,,,,,,,,,,,,,,,,512,553.094,141071.090,375.594,544,544,0,2
present,cbc663d,7,mailbox,,,,,,,,,,,,,,,,,,,,,,,,,,64,148.899,8684.132,93.189,544,68,476,1
present,integrated,7,mailbox,,,,,,,,,,,,,,,,,,,,,,,,,,64,61.044,447.362,21.151,544,68,476,1
present,integrated,8,serial,,,,,,,,,,,,,,,,,,,,,,,,,,512,53.689,69.751,8.352,544,544,0,1
present,cbc663d,8,serial,,,,,,,,,,,,,,,,,,,,,,,,,,512,149.690,37045.458,192.472,544,544,0,1
present,integrated,8,fifo,,,,,,,,,,,,,,,,,,,,,,,,,,512,415.589,1532.343,39.145,544,544,0,2
present,cbc663d,8,fifo,,,,,,,,,,,,,,,,,,,,,,,,,,512,2752.888,1389325.661,1178.697,544,544,0,2
present,integrated,8,mailbox,,,,,,,,,,,,,,,,,,,,,,,,,,64,58.077,299.112,17.295,544,68,476,1
present,cbc663d,8,mailbox,,,,,,,,,,,,,,,,,,,,,,,,,,64,187.196,40273.196,200.682,544,68,476,1
present,cbc663d,9,serial,,,,,,,,,,,,,,,,,,,,,,,,,,512,159.167,22365.770,149.552,544,544,0,1
present,integrated,9,serial,,,,,,,,,,,,,,,,,,,,,,,,,,512,54.088,92.275,9.606,544,544,0,1
present,cbc663d,9,fifo,,,,,,,,,,,,,,,,,,,,,,,,,,512,2629.744,744743.575,862.985,544,544,0,2
present,integrated,9,fifo,,,,,,,,,,,,,,,,,,,,,,,,,,512,404.290,10518.533,102.560,544,544,0,2
present,cbc663d,9,mailbox,,,,,,,,,,,,,,,,,,,,,,,,,,64,179.836,44545.429,211.058,544,68,476,1
present,integrated,9,mailbox,,,,,,,,,,,,,,,,,,,,,,,,,,64,58.876,264.448,16.262,544,68,476,1
present,integrated,10,serial,,,,,,,,,,,,,,,,,,,,,,,,,,512,70.619,7719.800,87.862,544,544,0,1
present,cbc663d,10,serial,,,,,,,,,,,,,,,,,,,,,,,,,,512,140.438,15717.617,125.370,544,544,0,1
present,integrated,10,fifo,,,,,,,,,,,,,,,,,,,,,,,,,,512,490.349,55527.090,235.642,544,544,0,2
present,cbc663d,10,fifo,,,,,,,,,,,,,,,,,,,,,,,,,,512,2220.948,216284.060,465.064,544,544,0,2
present,integrated,10,mailbox,,,,,,,,,,,,,,,,,,,,,,,,,,64,69.548,2684.838,51.815,544,68,476,1
present,cbc663d,10,mailbox,,,,,,,,,,,,,,,,,,,,,,,,,,64,136.446,1610.150,40.127,544,68,476,1
present,cbc663d,11,serial,,,,,,,,,,,,,,,,,,,,,,,,,,512,159.715,72285.104,268.859,544,544,0,1
present,integrated,11,serial,,,,,,,,,,,,,,,,,,,,,,,,,,512,58.173,175.531,13.249,544,544,0,1
present,cbc663d,11,fifo,,,,,,,,,,,,,,,,,,,,,,,,,,512,2216.759,207284.002,455.285,544,544,0,2
present,integrated,11,fifo,,,,,,,,,,,,,,,,,,,,,,,,,,512,422.352,1581.544,39.769,544,544,0,2
present,cbc663d,11,mailbox,,,,,,,,,,,,,,,,,,,,,,,,,,64,151.818,3917.358,62.589,544,68,476,1
present,integrated,11,mailbox,,,,,,,,,,,,,,,,,,,,,,,,,,64,54.172,64.590,8.037,544,68,476,1
present,integrated,12,serial,,,,,,,,,,,,,,,,,,,,,,,,,,512,61.385,3822.054,61.823,544,544,0,1
present,cbc663d,12,serial,,,,,,,,,,,,,,,,,,,,,,,,,,512,151.879,1507.130,38.822,544,544,0,1
present,integrated,12,fifo,,,,,,,,,,,,,,,,,,,,,,,,,,512,426.148,2239.666,47.325,544,544,0,2
present,cbc663d,12,fifo,,,,,,,,,,,,,,,,,,,,,,,,,,512,2432.845,683439.784,826.704,544,544,0,2
present,integrated,12,mailbox,,,,,,,,,,,,,,,,,,,,,,,,,,64,60.169,180.183,13.423,544,68,476,1
present,cbc663d,12,mailbox,,,,,,,,,,,,,,,,,,,,,,,,,,64,128.797,1188.236,34.471,544,68,476,1
