case,trial,variant,first_ns,frame_ns
before,0,1,24275674,12279718
before,0,2,25414864,12953427
before,0,3,19161089,10992390
before,0,4,25024839,12413779
before,0,5,26430912,13224317
before,0,6,25924387,12545777
before,0,7,27037216,13472223
before,0,8,26708911,13045169
before,0,9,15126128,7106602
before,0,10,26294633,13362283
before,0,11,23903441,11711127
before,0,12,22533159,10961987
before,0,13,14708688,6999878
before,0,14,25812376,13253159
before,0,15,40408926,20662727
before,0,16,39224456,20500661
before,0,17,37009008,20591990
before,0,18,24831262,12545708
before,0,19,17621704,11015304
before,0,20,30787002,16738724
before,0,21,24422255,12243968
before,0,22,25105228,15231303
before,0,23,31691850,16642508
before,0,24,22238614,12427712
before,1,1,8285341,3751682
before,1,2,21969632,12568214
before,1,3,14128200,7875951
before,1,4,17760117,8645075
before,1,5,14272524,7083821
before,1,6,13750185,6451045
before,1,7,8026140,3614120
before,1,8,10697890,6478615
before,1,9,15955203,7486148
before,1,10,29357542,14958976
before,1,11,22365555,10794321
before,1,12,24294739,12504226
before,1,13,35903073,17480868
before,1,14,31034248,16946041
before,1,15,38484366,19284823
before,1,16,26467571,13250752
before,1,17,23722334,14288078
before,1,18,27954162,13822475
before,1,19,27477677,13553685
before,1,20,16072579,7534014
before,1,21,12815963,7450800
before,1,22,16749365,8405999
before,1,23,16594224,9082933
before,1,24,15704729,7332078
before,2,1,14106731,6587717
before,2,2,13987602,6651331
before,2,3,13735580,6392277
before,2,4,14370985,6808191
before,2,5,14040430,6931284
before,2,6,15911805,7510842
before,2,7,15781070,7574600
before,2,8,13228967,7939473
before,2,9,16103586,7591413
before,2,10,17028985,8284310
before,2,11,24420772,12535389
before,2,12,13792695,6507228
before,2,13,23403113,11907072
before,2,14,24951255,12827482
before,2,15,19147440,11160677
before,2,16,23203411,13835515
before,2,17,23589019,11362580
before,2,18,25254367,13157781
before,2,19,31430915,16012867
before,2,20,28789387,13898347
before,2,21,26851188,13604768
before,2,22,23213421,11401178
before,2,23,12897925,6247427
before,2,24,26724179,13212000
before,3,1,15212538,7296076
before,3,2,15407554,7677266
before,3,3,8171178,3853344
before,3,4,11886506,6980802
before,3,5,15116568,7115599
before,3,6,18282768,9076878
before,3,7,20216002,10020338
before,3,8,18191562,9186351
before,3,9,34634187,19627466
before,3,10,24283336,11747029
before,3,11,24206017,11795530
before,3,12,44620218,22106417
before,3,13,28316711,13689055
before,3,14,16404242,7799041
before,3,15,15747880,7350916
before,3,16,29272497,14447046
before,3,17,42320059,21331295
before,3,18,42273019,20853622
before,3,19,23462405,11602162
before,3,20,13327891,6534933
before,3,21,24970702,12977152
before,3,22,13608244,6927141
before,3,23,18433545,11018210
before,3,24,25282534,12593494
before,4,1,13938617,6547154
before,4,2,13525205,6309871
before,4,3,11734223,7002006
before,4,4,13996905,6474693
before,4,5,13838785,6679814
before,4,6,14322181,6766171
before,4,7,8485115,3752528
before,4,8,17271667,8386476
before,4,9,12802713,7541531
before,4,10,15035658,8609658
before,4,11,12620020,6262675
before,4,12,37606033,21373857
before,4,13,19867452,12759818
before,4,14,22637968,10916708
before,4,15,25358265,12151302
before,4,16,23778497,12098749
before,4,17,24397334,11889712
before,4,18,26994443,14773273
before,4,19,21037101,12056616
before,4,20,8436900,3745243
before,4,21,11564687,6645222
before,4,22,15022758,7249089
before,4,23,14615535,6996795
before,4,24,9084004,4051375
after,0,1,2870640,390593
after,0,2,2823476,430301
after,0,3,2735142,350932
after,0,4,2756415,346425
after,0,5,2805869,364175
after,0,6,2801301,368224
after,0,7,1749479,468887
after,0,8,2988835,439170
after,0,9,2887004,407761
after,0,10,2754546,362786
after,0,11,2722358,355236
after,0,12,2732810,347530
after,0,13,2789230,365343
after,0,14,2664652,270542
after,0,15,2825093,364269
after,0,16,2767788,357276
after,0,17,2784209,367153
after,0,18,2778466,354445
after,0,19,2839746,437972
after,0,20,2803199,361895
after,0,21,1748504,493367
after,0,22,2829748,383922
after,0,23,2806968,367186
after,0,24,2816938,368759
after,1,1,2686858,292949
after,1,2,2721018,289174
after,1,3,2698527,293258
after,1,4,2774969,341306
after,1,5,2734256,363768
after,1,6,2782529,368136
after,1,7,2809958,398401
after,1,8,2752800,379933
after,1,9,2754474,392361
after,1,10,2678591,318878
after,1,11,2968714,450394
after,1,12,2934296,435526
after,1,13,2789154,423093
after,1,14,2723953,344103
after,1,15,2854298,363161
after,1,16,2777158,373976
after,1,17,2816442,374434
after,1,18,2896128,379264
after,1,19,2807939,372410
after,1,20,2815786,378194
after,1,21,1786116,528030
after,1,22,2854100,377907
after,1,23,2793115,359473
after,1,24,2831709,383172
after,2,1,2766349,342997
after,2,2,2709377,308624
after,2,3,2676575,306726
after,2,4,2699642,334296
after,2,5,2919327,439124
after,2,6,3009073,574647
after,2,7,2944084,433117
after,2,8,2820060,398822
after,2,9,2868196,413216
after,2,10,2837441,375873
after,2,11,2880932,424562
after,2,12,6388947,996386
after,2,13,5636548,1296014
after,2,14,3096008,495534
after,2,15,2906316,391283
after,2,16,2792554,366194
after,2,17,2815016,395663
after,2,18,2794022,359522
after,2,19,2777578,352849
after,2,20,2792588,395871
after,2,21,1667694,456123
after,2,22,8065368,4482063
after,2,23,5206022,1043657
after,2,24,3042184,469743
after,3,1,2953184,432661
after,3,2,3158691,452966
after,3,3,2762481,361200
after,3,4,3591050,476824
after,3,5,3013273,548180
after,3,6,2854099,390927
after,3,7,2980145,467120
after,3,8,2760156,364770
after,3,9,2919076,461798
after,3,10,3003934,446887
after,3,11,2910229,420651
after,3,12,2874457,407409
after,3,13,2897205,412534
after,3,14,2856719,400715
after,3,15,2968420,440627
after,3,16,2877653,430490
after,3,17,2988534,450732
after,3,18,2897961,407676
after,3,19,2950848,469671
after,3,20,2907847,417557
after,3,21,1838256,564170
after,3,22,3244910,623661
after,3,23,5215223,1960278
after,3,24,2925797,674843
after,4,1,2932878,436679
after,4,2,2901965,433645
after,4,3,2850763,384897
after,4,4,2867458,396551
after,4,5,2904493,446080
after,4,6,2794489,361114
after,4,7,1896341,533518
after,4,8,3068745,535332
after,4,9,2910374,457073
after,4,10,2947480,444212
after,4,11,2902791,414117
after,4,12,3076086,476525
after,4,13,3002841,484223
after,4,14,3040538,496710
after,4,15,2970687,432060
after,4,16,2821590,404384
after,4,17,2999168,517219
after,4,18,2840537,383723
after,4,19,2938122,443196
after,4,20,2796714,326269
after,4,21,1742734,478665
after,4,22,2760475,327971
after,4,23,2801963,312022
after,4,24,2878161,355241
