case,trial,stage,total_ns,calls,max_ns
before,0,request,2495934,48,215536
before,0,layout,185539,27,11193
before,0,modules,298487,27,22019
before,0,input,48395,1,48395
before,0,raster,1688153,1,1688153
before,0,fragment,17592039,24,1174604
before,0,output,13553,1,13553
before,0,link,620950,24,36946
before,0,descriptor_lock,1154,24,118
before,0,cache_lock,4077,27,372
before,0,completion_poll,40504,166,830
before,0,draw_completion,11864142,24,724419
before,0,attachment_transfer,17770349,96,1429929
before,0,host_upload,11273070,72,2344702
before,0,host_download,859650609,72,24270239
before,0,download_wait,10844385,72,4943979
before,0,mapped_read,847465150,216,6927667
before,1,request,2463511,48,106230
before,1,layout,217686,27,14899
before,1,modules,359889,27,53404
before,1,input,100471,1,100471
before,1,raster,909063,1,909063
before,1,fragment,20159219,24,1003396
before,1,output,13651,1,13651
before,1,link,647537,24,34503
before,1,descriptor_lock,966,24,92
before,1,cache_lock,5093,27,460
before,1,completion_poll,39462,166,633
before,1,draw_completion,10099641,24,1066336
before,1,attachment_transfer,15761255,96,1583329
before,1,host_upload,10784285,72,2991269
before,1,host_download,652392602,72,18300058
before,1,download_wait,7695707,72,2179866
before,1,mapped_read,643455437,216,6464166
before,2,request,2084354,48,82309
before,2,layout,265448,27,50186
before,2,modules,345232,27,31352
before,2,input,66359,1,66359
before,2,raster,852164,1,852164
before,2,fragment,20643408,24,1183155
before,2,output,12713,1,12713
before,2,link,566119,24,37163
before,2,descriptor_lock,1143,24,129
before,2,cache_lock,3996,27,348
before,2,completion_poll,36405,166,651
before,2,draw_completion,10549868,24,1047208
before,2,attachment_transfer,14814583,96,1554467
before,2,host_upload,8460479,72,809501
before,2,host_download,628989736,72,15661244
before,2,download_wait,5183525,72,619265
before,2,mapped_read,622723584,216,6307163
before,3,request,2988603,48,675544
before,3,layout,208840,27,15053
before,3,modules,347895,27,38943
before,3,input,63218,1,63218
before,3,raster,1211672,1,1211672
before,3,fragment,21239981,24,2051190
before,3,output,12565,1,12565
before,3,link,632734,24,33761
before,3,descriptor_lock,3785,24,301
before,3,cache_lock,5157,27,347
before,3,completion_poll,36275,166,664
before,3,draw_completion,9358994,24,553947
before,3,attachment_transfer,14568492,96,1912700
before,3,host_upload,10207016,72,1018040
before,3,host_download,741721556,72,21817802
before,3,download_wait,3825979,72,134290
before,3,mapped_read,736766667,216,7410949
before,4,request,2106183,48,116441
before,4,layout,195493,27,12668
before,4,modules,340902,27,21439
before,4,input,45526,1,45526
before,4,raster,1038248,1,1038248
before,4,fragment,20536803,24,1189648
before,4,output,10798,1,10798
before,4,link,559798,24,34393
before,4,descriptor_lock,912,24,82
before,4,cache_lock,4579,27,283
before,4,completion_poll,37772,166,689
before,4,draw_completion,9932841,24,2830591
before,4,attachment_transfer,12518194,96,1388711
before,4,host_upload,8917543,72,1214692
before,4,host_download,524847001,72,20469324
before,4,download_wait,3633551,72,144517
before,4,mapped_read,520202263,216,7050384
after,0,request,1958857,70,115642
after,0,layout,154158,25,8839
after,0,modules,312148,25,23512
after,0,input,0,0,0
after,0,raster,577518,1,577518
after,0,fragment,16819822,24,846820
after,0,output,0,0,0
after,0,link,641103,24,43994
after,0,descriptor_lock,0,0,0
after,0,cache_lock,3058,25,509
after,0,completion_poll,36448,301,469
after,0,draw_completion,3357710,24,146714
after,0,attachment_transfer,10533210,96,1471043
after,0,host_upload,4487514,94,104871
after,0,host_download,5550410,94,160946
after,0,download_wait,3943907,94,138511
after,0,mapped_read,680658,282,7295
after,1,request,2062023,71,115442
after,1,layout,148526,25,8079
after,1,modules,293148,25,20247
after,1,input,0,0,0
after,1,raster,768004,1,768004
after,1,fragment,15960682,24,892862
after,1,output,0,0,0
after,1,link,704289,24,37135
after,1,descriptor_lock,0,0,0
after,1,cache_lock,3193,25,390
after,1,completion_poll,38572,306,5553
after,1,draw_completion,3276388,24,147643
after,1,attachment_transfer,10560217,96,1374078
after,1,host_upload,4417012,95,98520
after,1,host_download,5700994,95,173384
after,1,download_wait,4108952,95,147385
after,1,mapped_read,629811,285,6966
after,2,request,2014645,71,92270
after,2,layout,184434,25,8922
after,2,modules,330342,25,25405
after,2,input,0,0,0
after,2,raster,605136,1,605136
after,2,fragment,19543594,24,1969188
after,2,output,0,0,0
after,2,link,762990,24,48181
after,2,descriptor_lock,0,0,0
after,2,cache_lock,3974,25,244
after,2,completion_poll,50063,306,713
after,2,draw_completion,7001644,24,3303289
after,2,attachment_transfer,11141709,96,1435255
after,2,host_upload,8890645,95,1861174
after,2,host_download,7826987,95,1054937
after,2,download_wait,5958854,95,1026828
after,2,mapped_read,834651,285,8281
after,3,request,2524084,70,228815
after,3,layout,179219,25,8784
after,3,modules,348505,25,23914
after,3,input,0,0,0
after,3,raster,756744,1,756744
after,3,fragment,19585611,24,1124418
after,3,output,0,0,0
after,3,link,804032,24,46333
after,3,descriptor_lock,0,0,0
after,3,cache_lock,3971,25,231
after,3,completion_poll,48929,301,703
after,3,draw_completion,5034618,24,1553994
after,3,attachment_transfer,12617293,96,2353121
after,3,host_upload,5574657,94,130312
after,3,host_download,8969325,94,1981118
after,3,download_wait,7132850,94,1945820
after,3,mapped_read,841871,282,48036
after,4,request,2352213,70,125992
after,4,layout,147164,25,7922
after,4,modules,282852,25,21865
after,4,input,0,0,0
after,4,raster,785518,1,785518
after,4,fragment,15266726,24,800209
after,4,output,0,0,0
after,4,link,651155,24,46179
after,4,descriptor_lock,0,0,0
after,4,cache_lock,2991,25,178
after,4,completion_poll,41244,301,526
after,4,draw_completion,3149698,24,154339
after,4,attachment_transfer,12235440,96,1935905
after,4,host_upload,5371030,94,127509
after,4,host_download,6060994,94,199304
after,4,download_wait,4249784,94,148971
after,4,mapped_read,757369,282,7985
