mode,sample,uploaded_bytes,downloaded_bytes,cpu_ns,elapsed_ns
before,0,536870912,536870912,277960000,280264779
before,1,536870912,536870912,121659549,122710843
before,2,536870912,536870912,121638705,122689962
before,3,536870912,536870912,123132740,124284249
before,4,536870912,536870912,122167037,123024082
before,5,536870912,536870912,122038597,122997367
before,6,536870912,536870912,122756468,123966445
before,7,536870912,536870912,123849401,125077027
before,8,536870912,536870912,122788461,124148480
before,9,536870912,536870912,121934580,122957583
before,10,536870912,536870912,121582888,122627648
before,11,536870912,536870912,121663610,122633724
tracked,0,4096,4,176991,976810
tracked,1,4096,4,87976,161978
tracked,2,4096,4,20327,70784
tracked,3,4096,4,15924,79164
tracked,4,4096,4,19804,73731
tracked,5,4096,4,16139,67996
tracked,6,4096,4,15428,64101
tracked,7,4096,4,15123,63513
tracked,8,4096,4,14869,63766
tracked,9,4096,4,14855,64067
tracked,10,4096,4,14966,63850
tracked,11,4096,4,14543,63104
mapped,0,0,0,82509,700756
mapped,1,0,0,43015,154612
mapped,2,0,0,39693,1098239
mapped,3,0,0,36990,112682
mapped,4,0,0,23449,86566
mapped,5,0,0,21120,77998
mapped,6,0,0,20149,81627
mapped,7,0,0,22103,79159
mapped,8,0,0,21475,76971
mapped,9,0,0,19845,76104
mapped,10,0,0,20667,75902
mapped,11,0,0,33987,719393
