kind,sample,variant,frames,draws_per_frame,record_ns_per_command,submit_cpu_ns_per_draw,fps,record_allocations_per_frame,submit_allocations_per_frame,pipeline_ns_per_draw,pipeline_calls_per_frame,pipeline_ns_per_call,descriptor_ns_per_draw,descriptor_calls_per_frame,descriptor_ns_per_call,uniform_ns_per_draw,uniform_calls_per_frame,uniform_ns_per_call,descriptor_updates_per_frame,descriptor_pools_per_frame,state_binds_per_frame,retained_draws_per_frame,push_writes_per_frame,threads,cpu_ms_per_frame,wall_ms_per_frame,frames_per_second,samples,mean_us,variance_us2,stddev_us,submitted,delivered,dropped,peak_pending
draw,1,ordinary,3,10000,111.26,959.44,54.485,13,2652,27.26,100,2726.32,5.16,100,515.86,3.55,100,354.99,0,0,100,9900,0,,,,,,,,,,,,
draw,1,double-array,3,20000,113.62,524.93,46.588,13,2652,11.28,100,2255.20,2.19,100,438.96,1.72,100,344.50,0,0,100,19900,100,,,,,,,,,,,,
draw,1,indexed,3,10000,133.02,1349.71,36.041,13,2722,31.05,100,3105.38,9.10,100,910.47,6.30,100,630.13,0,0,100,9900,100,,,,,,,,,,,,
draw,1,array,3,10000,120.40,895.50,58.721,13,2652,27.43,100,2743.27,4.77,100,476.91,3.38,100,337.68,0,0,100,9900,100,,,,,,,,,,,,
record,1,viewport-clear,,,,,,,,,,,,,,,,,,,,,,1,0.876045,1.149107,870.241,,,,,,,,
record,1,viewport-clear,,,,,,,,,,,,,,,,,,,,,,2,1.415458,1.198785,834.178,,,,,,,,
record,1,viewport-clear,,,,,,,,,,,,,,,,,,,,,,4,1.409552,1.200720,832.834,,,,,,,,
record,1,viewport-clear,,,,,,,,,,,,,,,,,,,,,,8,1.612647,1.577924,633.744,,,,,,,,
present,1,fifo,,,,,,,,,,,,,,,,,,,,,,,,,,512,757.676,98843.979,314.395,544,544,0,2
present,1,mailbox,,,,,,,,,,,,,,,,,,,,,,,,,,64,114.672,11779.527,108.534,544,68,476,1
present,1,serial,,,,,,,,,,,,,,,,,,,,,,,,,,512,112.032,12289.440,110.858,544,544,0,1
draw,2,double-array,3,20000,117.68,491.91,50.709,13,2652,11.38,100,2276.70,2.01,100,402.07,1.48,100,296.99,0,0,100,19900,100,,,,,,,,,,,,
draw,2,indexed,3,10000,123.23,1254.77,43.768,13,2722,29.84,100,2984.06,5.46,100,545.63,5.55,100,554.85,0,0,100,9900,100,,,,,,,,,,,,
draw,2,array,3,10000,131.41,898.09,44.489,13,2652,30.04,100,3003.67,4.82,100,482.11,3.10,100,310.41,0,0,100,9900,100,,,,,,,,,,,,
draw,2,ordinary,3,10000,127.76,904.46,46.701,13,2652,29.77,100,2976.55,4.18,100,418.16,3.31,100,331.27,0,0,100,9900,0,,,,,,,,,,,,
record,2,viewport-clear,,,,,,,,,,,,,,,,,,,,,,1,0.878156,1.137061,879.461,,,,,,,,
record,2,viewport-clear,,,,,,,,,,,,,,,,,,,,,,2,1.243091,1.050910,951.556,,,,,,,,
record,2,viewport-clear,,,,,,,,,,,,,,,,,,,,,,4,1.395503,1.396221,716.219,,,,,,,,
record,2,viewport-clear,,,,,,,,,,,,,,,,,,,,,,8,1.525501,1.567631,637.905,,,,,,,,
present,2,mailbox,,,,,,,,,,,,,,,,,,,,,,,,,,64,92.674,4841.095,69.578,544,68,476,1
present,2,serial,,,,,,,,,,,,,,,,,,,,,,,,,,512,109.148,19027.045,137.939,544,544,0,1
present,2,fifo,,,,,,,,,,,,,,,,,,,,,,,,,,512,899.122,464901.818,681.837,544,544,0,2
draw,3,indexed,3,10000,118.18,1118.27,48.434,13,2722,25.77,100,2577.42,4.36,100,435.75,5.10,100,510.35,0,0,100,9900,100,,,,,,,,,,,,
draw,3,array,3,10000,110.18,893.85,51.499,13,2652,22.18,100,2218.05,4.24,100,424.09,2.82,100,281.78,0,0,100,9900,100,,,,,,,,,,,,
draw,3,ordinary,3,10000,124.74,882.52,59.171,13,2652,24.17,100,2416.72,4.37,100,436.93,3.53,100,352.65,0,0,100,9900,0,,,,,,,,,,,,
draw,3,double-array,3,20000,103.83,546.03,49.826,13,2652,12.46,100,2492.48,2.25,100,449.90,1.70,100,339.04,0,0,100,19900,100,,,,,,,,,,,,
record,3,viewport-clear,,,,,,,,,,,,,,,,,,,,,,1,0.906920,1.074602,930.577,,,,,,,,
record,3,viewport-clear,,,,,,,,,,,,,,,,,,,,,,2,1.181024,1.037745,963.628,,,,,,,,
record,3,viewport-clear,,,,,,,,,,,,,,,,,,,,,,4,1.374742,1.238165,807.647,,,,,,,,
record,3,viewport-clear,,,,,,,,,,,,,,,,,,,,,,8,1.473969,2.133119,468.797,,,,,,,,
present,3,serial,,,,,,,,,,,,,,,,,,,,,,,,,,512,137.222,43421.626,208.379,544,544,0,1
present,3,fifo,,,,,,,,,,,,,,,,,,,,,,,,,,512,937.079,178869.256,422.929,544,544,0,2
present,3,mailbox,,,,,,,,,,,,,,,,,,,,,,,,,,64,109.374,3977.143,63.065,544,68,476,1
draw,4,array,3,10000,109.33,982.46,51.298,13,2652,26.14,100,2614.43,5.23,100,522.77,3.75,100,374.59,0,0,100,9900,100,,,,,,,,,,,,
draw,4,ordinary,3,10000,126.89,813.00,63.843,13,2652,20.93,100,2093.43,4.21,100,420.54,2.94,100,294.24,0,0,100,9900,0,,,,,,,,,,,,
draw,4,double-array,3,20000,86.21,536.48,50.574,13,2652,12.49,100,2497.66,2.25,100,450.62,1.58,100,315.10,0,0,100,19900,100,,,,,,,,,,,,
draw,4,indexed,3,10000,111.44,1296.67,32.582,13,2722,29.35,100,2935.38,6.50,100,650.31,5.50,100,550.28,0,0,100,9900,100,,,,,,,,,,,,
record,4,viewport-clear,,,,,,,,,,,,,,,,,,,,,,1,0.900178,1.092904,914.994,,,,,,,,
record,4,viewport-clear,,,,,,,,,,,,,,,,,,,,,,2,1.271632,1.220385,819.413,,,,,,,,
record,4,viewport-clear,,,,,,,,,,,,,,,,,,,,,,4,1.315692,1.652426,605.171,,,,,,,,
record,4,viewport-clear,,,,,,,,,,,,,,,,,,,,,,8,1.675764,1.295574,771.859,,,,,,,,
present,4,fifo,,,,,,,,,,,,,,,,,,,,,,,,,,512,796.513,119876.512,346.232,544,544,0,2
present,4,mailbox,,,,,,,,,,,,,,,,,,,,,,,,,,64,120.102,16946.095,130.177,544,68,476,1
present,4,serial,,,,,,,,,,,,,,,,,,,,,,,,,,512,112.837,35494.680,188.400,544,544,0,1
draw,5,ordinary,3,10000,79.68,904.09,59.170,13,2652,46.28,100,4628.33,4.86,100,485.81,3.37,100,337.32,0,0,100,9900,0,,,,,,,,,,,,
draw,5,double-array,3,20000,104.91,494.62,47.160,13,2652,11.30,100,2260.65,2.10,100,420.80,1.41,100,282.12,0,0,100,19900,100,,,,,,,,,,,,
draw,5,indexed,3,10000,141.19,1268.89,40.517,13,2722,28.34,100,2834.37,5.13,100,513.04,5.28,100,528.20,0,0,100,9900,100,,,,,,,,,,,,
draw,5,array,3,10000,118.40,801.44,68.160,13,2652,19.25,100,1924.78,6.57,100,656.77,2.84,100,284.41,0,0,100,9900,100,,,,,,,,,,,,
record,5,viewport-clear,,,,,,,,,,,,,,,,,,,,,,1,0.899598,1.094313,913.816,,,,,,,,
record,5,viewport-clear,,,,,,,,,,,,,,,,,,,,,,2,1.207487,1.019799,980.585,,,,,,,,
record,5,viewport-clear,,,,,,,,,,,,,,,,,,,,,,4,1.424316,1.140408,876.879,,,,,,,,
record,5,viewport-clear,,,,,,,,,,,,,,,,,,,,,,8,1.740300,1.320499,757.290,,,,,,,,
present,5,mailbox,,,,,,,,,,,,,,,,,,,,,,,,,,64,91.480,4016.255,63.374,544,68,476,1
present,5,serial,,,,,,,,,,,,,,,,,,,,,,,,,,512,97.627,9794.489,98.967,544,544,0,1
present,5,fifo,,,,,,,,,,,,,,,,,,,,,,,,,,512,858.960,230623.485,480.233,544,544,0,2
draw,6,double-array,3,20000,102.79,527.15,49.069,13,2652,12.57,100,2514.60,5.27,100,1054.82,1.77,100,353.33,0,0,100,19900,100,,,,,,,,,,,,
draw,6,indexed,3,10000,129.90,1350.92,34.928,13,2722,34.23,100,3423.35,5.49,100,548.94,6.25,100,624.92,0,0,100,9900,100,,,,,,,,,,,,
draw,6,array,3,10000,107.97,827.72,69.007,13,2652,20.30,100,2030.06,3.48,100,348.26,3.06,100,306.32,0,0,100,9900,100,,,,,,,,,,,,
draw,6,ordinary,3,10000,129.68,813.59,67.008,13,2652,20.56,100,2056.26,3.32,100,331.84,3.19,100,319.05,0,0,100,9900,0,,,,,,,,,,,,
record,6,viewport-clear,,,,,,,,,,,,,,,,,,,,,,1,0.863470,1.079947,925.972,,,,,,,,
record,6,viewport-clear,,,,,,,,,,,,,,,,,,,,,,2,1.250234,1.112025,899.260,,,,,,,,
record,6,viewport-clear,,,,,,,,,,,,,,,,,,,,,,4,1.319360,1.032985,968.068,,,,,,,,
record,6,viewport-clear,,,,,,,,,,,,,,,,,,,,,,8,1.685281,1.769248,565.212,,,,,,,,
present,6,serial,,,,,,,,,,,,,,,,,,,,,,,,,,512,121.162,35573.642,188.610,544,544,0,1
present,6,fifo,,,,,,,,,,,,,,,,,,,,,,,,,,512,814.653,108227.209,328.979,544,544,0,2
present,6,mailbox,,,,,,,,,,,,,,,,,,,,,,,,,,64,109.584,6724.926,82.006,544,68,476,1
draw,7,indexed,3,10000,122.24,1532.18,28.799,13,2722,33.33,100,3332.91,6.04,100,604.17,6.37,100,636.65,0,0,100,9900,100,,,,,,,,,,,,
draw,7,array,3,10000,115.33,1169.16,33.227,13,2652,28.87,100,2886.84,6.31,100,630.60,4.30,100,429.82,0,0,100,9900,100,,,,,,,,,,,,
draw,7,ordinary,3,10000,119.49,992.14,37.806,13,2652,25.81,100,2580.79,12.20,100,1220.37,3.69,100,369.48,0,0,100,9900,0,,,,,,,,,,,,
draw,7,double-array,3,20000,121.47,566.87,43.384,13,2652,23.87,100,4773.86,2.41,100,481.74,1.97,100,394.52,0,0,100,19900,100,,,,,,,,,,,,
record,7,viewport-clear,,,,,,,,,,,,,,,,,,,,,,1,0.904247,1.166663,857.146,,,,,,,,
record,7,viewport-clear,,,,,,,,,,,,,,,,,,,,,,2,1.245709,1.143182,874.751,,,,,,,,
record,7,viewport-clear,,,,,,,,,,,,,,,,,,,,,,4,1.394541,1.289304,775.612,,,,,,,,
record,7,viewport-clear,,,,,,,,,,,,,,,,,,,,,,8,1.577673,1.293611,773.030,,,,,,,,
present,7,fifo,,,,,,,,,,,,,,,,,,,,,,,,,,512,1009.427,258136.272,508.071,544,544,0,2
present,7,mailbox,,,,,,,,,,,,,,,,,,,,,,,,,,64,114.584,7691.963,87.704,544,68,476,1
present,7,serial,,,,,,,,,,,,,,,,,,,,,,,,,,512,125.395,55506.231,235.598,544,544,0,1
draw,8,array,3,10000,110.89,919.17,61.622,13,2652,24.35,100,2434.91,4.90,100,489.98,3.35,100,335.18,0,0,100,9900,100,,,,,,,,,,,,
draw,8,ordinary,3,10000,116.00,980.85,52.966,13,2652,29.60,100,2960.06,5.85,100,584.97,3.86,100,385.86,0,0,100,9900,0,,,,,,,,,,,,
draw,8,double-array,3,20000,108.23,551.07,46.610,13,2652,12.15,100,2430.19,2.54,100,507.77,1.71,100,342.41,0,0,100,19900,100,,,,,,,,,,,,
draw,8,indexed,3,10000,130.60,1432.42,28.439,13,2722,32.23,100,3222.62,6.15,100,614.99,6.52,100,652.33,0,0,100,9900,100,,,,,,,,,,,,
record,8,viewport-clear,,,,,,,,,,,,,,,,,,,,,,1,0.896224,1.095713,912.648,,,,,,,,
record,8,viewport-clear,,,,,,,,,,,,,,,,,,,,,,2,1.162494,0.978909,1021.546,,,,,,,,
record,8,viewport-clear,,,,,,,,,,,,,,,,,,,,,,4,1.458546,1.100405,908.756,,,,,,,,
record,8,viewport-clear,,,,,,,,,,,,,,,,,,,,,,8,1.746793,1.490377,670.971,,,,,,,,
present,8,mailbox,,,,,,,,,,,,,,,,,,,,,,,,,,64,121.454,23388.450,152.933,544,68,476,1
present,8,serial,,,,,,,,,,,,,,,,,,,,,,,,,,512,123.450,23623.172,153.698,544,544,0,1
present,8,fifo,,,,,,,,,,,,,,,,,,,,,,,,,,512,831.732,170056.795,412.379,544,544,0,2
draw,9,ordinary,3,10000,117.63,843.48,57.220,13,2652,22.01,100,2201.48,3.88,100,387.87,3.52,100,352.12,0,0,100,9900,0,,,,,,,,,,,,
draw,9,double-array,3,20000,115.54,557.22,45.940,13,2652,12.99,100,2598.65,2.68,100,536.13,1.94,100,387.90,0,0,100,19900,100,,,,,,,,,,,,
draw,9,indexed,3,10000,140.44,1451.40,35.067,13,2722,31.98,100,3197.89,6.01,100,600.99,6.52,100,652.43,0,0,100,9900,100,,,,,,,,,,,,
draw,9,array,3,10000,99.30,877.09,63.185,13,2652,23.47,100,2347.40,4.32,100,432.42,3.40,100,340.26,0,0,100,9900,100,,,,,,,,,,,,
record,9,viewport-clear,,,,,,,,,,,,,,,,,,,,,,1,0.833761,1.029097,971.726,,,,,,,,
record,9,viewport-clear,,,,,,,,,,,,,,,,,,,,,,2,1.258376,1.044185,957.685,,,,,,,,
record,9,viewport-clear,,,,,,,,,,,,,,,,,,,,,,4,1.352441,1.061837,941.764,,,,,,,,
record,9,viewport-clear,,,,,,,,,,,,,,,,,,,,,,8,1.689922,1.575809,634.595,,,,,,,,
present,9,serial,,,,,,,,,,,,,,,,,,,,,,,,,,512,105.351,12260.674,110.728,544,544,0,1
present,9,fifo,,,,,,,,,,,,,,,,,,,,,,,,,,512,881.611,231246.884,480.881,544,544,0,2
present,9,mailbox,,,,,,,,,,,,,,,,,,,,,,,,,,64,107.702,13384.601,115.692,544,68,476,1
draw,10,double-array,3,20000,109.23,528.91,47.480,13,2652,12.16,100,2432.53,3.17,100,633.74,1.77,100,353.04,0,0,100,19900,100,,,,,,,,,,,,
draw,10,indexed,3,10000,125.04,1480.27,33.195,13,2722,32.17,100,3217.12,6.36,100,635.81,7.17,100,717.21,0,0,100,9900,100,,,,,,,,,,,,
draw,10,array,3,10000,114.44,840.21,66.635,13,2652,21.10,100,2110.44,3.63,100,363.46,3.29,100,329.12,0,0,100,9900,100,,,,,,,,,,,,
draw,10,ordinary,3,10000,121.47,881.64,61.864,13,2652,23.20,100,2319.57,4.05,100,405.07,3.56,100,355.78,0,0,100,9900,0,,,,,,,,,,,,
record,10,viewport-clear,,,,,,,,,,,,,,,,,,,,,,1,0.835986,1.048687,953.574,,,,,,,,
record,10,viewport-clear,,,,,,,,,,,,,,,,,,,,,,2,1.205934,1.177235,849.448,,,,,,,,
record,10,viewport-clear,,,,,,,,,,,,,,,,,,,,,,4,1.455620,1.216700,821.895,,,,,,,,
record,10,viewport-clear,,,,,,,,,,,,,,,,,,,,,,8,1.617967,1.527769,654.549,,,,,,,,
present,10,fifo,,,,,,,,,,,,,,,,,,,,,,,,,,512,1018.794,255745.243,505.713,544,544,0,2
present,10,mailbox,,,,,,,,,,,,,,,,,,,,,,,,,,64,135.163,27697.461,166.426,544,68,476,1
present,10,serial,,,,,,,,,,,,,,,,,,,,,,,,,,512,123.514,26141.898,161.685,544,544,0,1
draw,11,indexed,3,10000,123.50,1495.66,30.820,13,2722,35.52,100,3552.01,6.63,100,662.94,6.79,100,678.54,0,0,100,9900,100,,,,,,,,,,,,
draw,11,array,3,10000,106.38,862.12,54.975,13,2652,22.48,100,2248.28,4.31,100,430.90,3.28,100,327.57,0,0,100,9900,100,,,,,,,,,,,,
draw,11,ordinary,3,10000,127.55,1056.10,46.897,13,2652,29.29,100,2928.65,6.03,100,602.63,4.01,100,400.97,0,0,100,9900,0,,,,,,,,,,,,
draw,11,double-array,3,20000,81.72,563.47,37.968,13,2652,12.30,100,2459.41,2.48,100,496.89,1.61,100,322.35,0,0,100,19900,100,,,,,,,,,,,,
record,11,viewport-clear,,,,,,,,,,,,,,,,,,,,,,1,0.883633,1.289689,775.380,,,,,,,,
record,11,viewport-clear,,,,,,,,,,,,,,,,,,,,,,2,1.115392,1.435508,696.617,,,,,,,,
record,11,viewport-clear,,,,,,,,,,,,,,,,,,,,,,4,1.360768,1.549045,645.559,,,,,,,,
record,11,viewport-clear,,,,,,,,,,,,,,,,,,,,,,8,1.542784,1.733653,576.817,,,,,,,,
present,11,mailbox,,,,,,,,,,,,,,,,,,,,,,,,,,64,123.641,14544.820,120.602,544,68,476,1
present,11,serial,,,,,,,,,,,,,,,,,,,,,,,,,,512,190.022,114354.501,338.163,544,544,0,1
present,11,fifo,,,,,,,,,,,,,,,,,,,,,,,,,,512,1185.077,551011.364,742.301,544,544,0,2
draw,12,array,3,10000,111.02,967.45,43.792,13,2652,23.72,100,2371.97,4.92,100,491.65,3.61,100,361.50,0,0,100,9900,100,,,,,,,,,,,,
draw,12,ordinary,3,10000,119.23,1035.49,40.318,13,2652,36.07,100,3607.43,4.84,100,483.87,3.86,100,386.25,0,0,100,9900,0,,,,,,,,,,,,
draw,12,double-array,3,20000,107.38,531.01,45.982,13,2652,12.63,100,2525.10,2.34,100,467.89,1.75,100,349.41,0,0,100,19900,100,,,,,,,,,,,,
draw,12,indexed,3,10000,134.94,1341.63,40.953,13,2722,34.76,100,3476.15,5.99,100,599.02,5.65,100,565.48,0,0,100,9900,100,,,,,,,,,,,,
record,12,viewport-clear,,,,,,,,,,,,,,,,,,,,,,1,0.869534,1.053981,948.784,,,,,,,,
record,12,viewport-clear,,,,,,,,,,,,,,,,,,,,,,2,1.217595,1.061995,941.624,,,,,,,,
record,12,viewport-clear,,,,,,,,,,,,,,,,,,,,,,4,1.388888,1.071064,933.651,,,,,,,,
record,12,viewport-clear,,,,,,,,,,,,,,,,,,,,,,8,1.785105,1.150281,869.353,,,,,,,,
present,12,serial,,,,,,,,,,,,,,,,,,,,,,,,,,512,114.305,25919.107,160.994,544,544,0,1
present,12,fifo,,,,,,,,,,,,,,,,,,,,,,,,,,512,819.961,149195.570,386.258,544,544,0,2
present,12,mailbox,,,,,,,,,,,,,,,,,,,,,,,,,,64,111.567,8894.711,94.312,544,68,476,1
